ACCOUNT,DAY_OPENED,Y_PRED
15000,20190424,
15001,20200110,
15002,20161213,
15003,20180712,
15004,20190613,
15005,20170526,
15006,20191023,
15007,20191010,
15008,20190502,
15009,20181112,
15010,20180222,
15011,20190428,
15012,20191024,
15013,20170831,
15014,20180625,
15015,20180516,
15016,20170407,
15017,20170614,
15018,20170912,
15019,20190604,
15020,20190424,
15021,20180914,
15022,20190402,
15023,20160927,
15024,20190924,
15025,20160812,
15026,20151215,
15027,20190624,
15028,20190716,
15029,20190509,
15030,20180927,
15031,20151230,
15032,20190418,
15033,20190814,
15034,20190605,
15035,20171228,
15036,20190730,
15037,20181114,
15038,20191030,
15039,20190417,
15040,20190509,
15041,20190823,
15042,20181101,
15043,20181211,
15044,20190319,
15045,20151203,
15046,20170614,
15047,20160115,
15048,20190621,
15049,20180925,
15050,20190812,
15051,20190618,
15052,20190726,
15053,20190723,
15054,20190728,
15055,20190428,
15056,20200115,
15057,20170424,
15058,20160921,
15059,20190628,
15060,20190421,
15061,20171117,
15062,20190102,
15063,20181105,
15064,20190514,
15065,20180130,
15066,20190604,
15067,20170419,
15068,20190327,
15069,20191008,
15070,20171129,
15071,20190829,
15072,20180115,
15073,20171010,
15074,20160628,
15075,20190517,
15076,20190507,
15077,20180524,
15078,20190321,
15079,20180716,
15080,20180801,
15081,20170307,
15082,20190805,
15083,20190503,
15084,20190428,
15085,20190503,
15086,20190418,
15087,20190808,
15088,20181114,
15089,20190820,
15090,20190616,
15091,20190822,
15092,20170414,
15093,20180319,
15094,20181022,
15095,20190516,
15096,20180518,
15097,20151208,
15098,20190411,
15099,20170926,
15100,20151230,
15101,20190620,
15102,20170615,
15103,20190909,
15104,20190902,
15105,20180305,
15106,20190505,
15107,20171221,
15108,20190709,
15109,20171116,
15110,20190326,
15111,20190808,
15112,20161103,
15113,20190401,
15114,20191017,
15115,20190714,
15116,20160612,
15117,20170815,
15118,20190724,
15119,20190908,
15120,20161017,
15121,20190814,
15122,20191008,
15123,20190912,
15124,20160420,
15125,20161028,
15126,20180712,
15127,20181209,
15128,20190618,
15129,20170727,
15130,20161220,
15131,20180926,
15132,20180103,
15133,20190517,
15134,20190822,
15135,20170829,
15136,20180113,
15137,20191127,
15138,20151216,
15139,20190723,
15140,20190823,
15141,20181221,
15142,20190618,
15143,20170711,
15144,20190729,
15145,20190902,
15146,20160719,
15147,20191015,
15148,20190717,
15149,20170915,
15150,20190716,
15151,20181026,
15152,20191025,
15153,20190604,
15154,20190506,
15155,20190802,
15156,20160428,
15157,20190731,
15158,20160811,
15159,20190606,
15160,20170703,
15161,20180524,
15162,20180402,
15163,20190614,
15164,20160625,
15165,20160804,
15166,20161021,
15167,20171031,
15168,20160920,
15169,20190618,
15170,20160519,
15171,20190926,
15172,20151204,
15173,20160907,
15174,20160627,
15175,20190318,
15176,20151223,
15177,20180330,
15178,20200114,
15179,20190523,
15180,20190508,
15181,20170125,
15182,20170919,
15183,20160321,
15184,20190510,
15185,20190503,
15186,20190826,
15187,20171130,
15188,20190403,
15189,20190723,
15190,20190429,
15191,20190618,
15192,20171012,
15193,20181102,
15194,20200103,
15195,20190914,
15196,20190119,
15197,20190510,
15198,20190815,
15199,20190103,
15200,20170321,
15201,20161123,
15202,20151221,
15203,20160330,
15204,20190729,
15205,20190523,
15206,20190802,
15207,20190430,
15208,20160429,
15209,20190828,
15210,20170327,
15211,20151130,
15212,20191028,
15213,20181024,
15214,20170713,
15215,20190422,
15216,20170602,
15217,20190505,
15218,20180819,
15219,20190619,
15220,20191005,
15221,20190617,
15222,20180509,
15223,20160812,
15224,20180525,
15225,20180702,
15226,20190823,
15227,20170929,
15228,20190623,
15229,20190329,
15230,20180118,
15231,20191014,
15232,20170523,
15233,20160711,
15234,20190718,
15235,20200103,
15236,20190622,
15237,20181024,
15238,20190510,
15239,20190708,
15240,20161102,
15241,20180515,
15242,20190811,
15243,20190614,
15244,20180125,
15245,20180116,
15246,20161222,
15247,20191109,
15248,20190705,
15249,20180428,
15250,20180224,
15251,20190716,
15252,20190720,
15253,20181203,
15254,20170605,
15255,20171225,
15256,20190710,
15257,20190826,
15258,20190430,
15259,20151218,
15260,20190806,
15261,20190917,
15262,20190718,
15263,20160714,
15264,20190227,
15265,20190510,
15266,20190712,
15267,20190528,
15268,20190329,
15269,20181107,
15270,20190514,
15271,20190712,
15272,20190716,
15273,20190628,
15274,20151229,
15275,20190429,
15276,20190625,
15277,20190703,
15278,20190505,
15279,20190618,
15280,20191120,
15281,20200110,
15282,20151214,
15283,20181209,
15284,20190719,
15285,20161215,
15286,20190620,
15287,20181009,
15288,20161216,
15289,20190316,
15290,20161226,
15291,20190603,
15292,20160308,
15293,20181113,
15294,20190509,
15295,20190726,
15296,20180130,
15297,20190426,
15298,20190606,
15299,20191011,
15300,20170419,
15301,20180915,
15302,20171130,
15303,20190604,
15304,20180130,
15305,20160824,
15306,20170731,
15307,20190617,
15308,20190313,
15309,20180904,
15310,20180704,
15311,20180705,
15312,20170411,
15313,20190312,
15314,20180115,
15315,20190528,
15316,20190808,
15317,20170929,
15318,20170419,
15319,20190503,
15320,20190823,
15321,20191114,
15322,20190508,
15323,20190616,
15324,20190730,
15325,20180328,
15326,20160614,
15327,20200115,
15328,20160330,
15329,20190722,
15330,20170124,
15331,20190728,
15332,20190819,
15333,20190505,
15334,20191220,
15335,20200221,
15336,20190102,
15337,20190515,
15338,20190927,
15339,20190516,
15340,20190611,
15341,20180614,
15342,20171017,
15343,20160707,
15344,20151130,
15345,20190601,
15346,20160712,
15347,20180213,
15348,20190828,
15349,20180612,
15350,20190725,
15351,20190714,
15352,20190222,
15353,20160920,
15354,20190716,
15355,20191211,
15356,20190710,
15357,20160822,
15358,20190802,
15359,20180926,
15360,20180725,
15361,20170725,
15362,20181226,
15363,20180824,
15364,20160926,
15365,20190610,
15366,20190611,
15367,20190510,
15368,20171127,
15369,20160801,
15370,20190719,
15371,20180525,
15372,20190614,
15373,20181211,
15374,20180920,
15375,20190614,
15376,20180312,
15377,20160413,
15378,20190411,
15379,20170406,
15380,20170523,
15381,20170809,
15382,20190713,
15383,20190422,
15384,20190923,
15385,20170311,
15386,20171020,
15387,20171127,
15388,20190510,
15389,20190507,
15390,20190428,
15391,20190426,
15392,20190616,
15393,20191203,
15394,20190822,
15395,20190520,
15396,20190925,
15397,20190504,
15398,20190611,
15399,20190221,
15400,20160624,
15401,20160818,
15402,20190320,
15403,20160114,
15404,20160607,
15405,20191121,
15406,20190211,
15407,20190616,
15408,20191004,
15409,20180312,
15410,20171110,
15411,20190617,
15412,20180904,
15413,20160927,
15414,20190420,
15415,20190722,
15416,20180208,
15417,20190905,
15418,20190614,
15419,20171031,
15420,20171201,
15421,20160930,
15422,20160309,
15423,20190715,
15424,20191008,
15425,20170802,
15426,20181104,
15427,20181212,
15428,20181226,
15429,20190519,
15430,20190507,
15431,20180121,
15432,20180201,
15433,20190530,
15434,20190228,
15435,20190529,
15436,20190506,
15437,20160923,
15438,20190304,
15439,20190425,
15440,20170712,
15441,20160225,
15442,20170518,
15443,20161103,
15444,20190302,
15445,20190724,
15446,20190509,
15447,20190711,
15448,20161012,
15449,20190516,
15450,20180926,
15451,20190422,
15452,20160927,
15453,20190520,
15454,20160618,
15455,20181206,
15456,20190619,
15457,20161214,
15458,20180206,
15459,20190522,
15460,20190115,
15461,20181210,
15462,20191218,
15463,20170607,
15464,20181210,
15465,20160811,
15466,20180918,
15467,20181127,
15468,20160802,
15469,20190516,
15470,20190816,
15471,20171123,
15472,20151215,
15473,20170317,
15474,20170323,
15475,20190610,
15476,20171027,
15477,20171026,
15478,20190703,
15479,20181121,
15480,20181029,
15481,20160215,
15482,20190517,
15483,20151208,
15484,20170428,
15485,20200117,
15486,20151229,
15487,20181221,
15488,20151127,
15489,20171013,
15490,20171121,
15491,20190428,
15492,20180705,
15493,20180924,
15494,20180302,
15495,20191105,
15496,20190510,
15497,20190612,
15498,20180930,
15499,20160524,
15500,20160318,
15501,20170414,
15502,20190614,
15503,20190319,
15504,20170330,
15505,20191015,
15506,20190430,
15507,20190801,
15508,20181031,
15509,20190509,
15510,20180720,
15511,20190723,
15512,20190617,
15513,20180808,
15514,20190501,
15515,20190624,
15516,20160715,
15517,20170818,
15518,20190505,
15519,20160127,
15520,20190618,
15521,20190601,
15522,20170303,
15523,20160303,
15524,20161027,
15525,20190617,
15526,20160927,
15527,20190724,
15528,20181023,
15529,20170504,
15530,20190506,
15531,20160815,
15532,20171122,
15533,20200108,
15534,20160829,
15535,20190619,
15536,20171127,
15537,20191007,
15538,20190426,
15539,20160930,
15540,20190815,
15541,20190313,
15542,20190527,
15543,20170414,
15544,20191127,
15545,20161008,
15546,20190615,
15547,20160523,
15548,20151210,
15549,20160721,
15550,20170322,
15551,20171010,
15552,20181207,
15553,20180125,
15554,20160715,
15555,20190515,
15556,20181109,
15557,20190617,
15558,20181118,
15559,20190910,
15560,20170620,
15561,20151217,
15562,20190618,
15563,20190614,
15564,20190402,
15565,20180614,
15566,20151215,
15567,20170320,
15568,20190805,
15569,20161008,
15570,20190523,
15571,20190712,
15572,20190509,
15573,20190616,
15574,20170614,
15575,20181209,
15576,20170519,
15577,20190730,
15578,20190515,
15579,20180829,
15580,20170629,
15581,20171127,
15582,20181211,
15583,20151127,
15584,20190713,
15585,20180429,
15586,20181107,
15587,20190515,
15588,20190507,
15589,20190806,
15590,20191017,
15591,20160628,
15592,20180710,
15593,20190510,
15594,20180719,
15595,20190728,
15596,20160819,
15597,20160823,
15598,20180312,
15599,20181210,
15600,20190815,
15601,20190610,
15602,20190709,
15603,20190929,
15604,20181017,
15605,20190820,
15606,20160729,
15607,20190315,
15608,20190110,
15609,20190328,
15610,20180703,
15611,20191107,
15612,20191112,
15613,20190611,
15614,20160831,
15615,20190429,
15616,20190823,
15617,20190816,
15618,20170804,
15619,20181125,
15620,20190509,
15621,20190711,
15622,20170908,
15623,20190729,
15624,20191024,
15625,20190826,
15626,20190509,
15627,20191005,
15628,20151224,
15629,20190421,
15630,20190917,
15631,20151229,
15632,20170307,
15633,20180719,
15634,20190620,
15635,20181014,
15636,20190306,
15637,20190718,
15638,20160512,
15639,20191104,
15640,20180424,
15641,20190916,
15642,20170621,
15643,20170622,
15644,20190615,
15645,20190312,
15646,20190726,
15647,20190906,
15648,20181011,
15649,20190603,
15650,20190916,
15651,20160810,
15652,20190619,
15653,20190507,
15654,20191019,
15655,20190517,
15656,20190118,
15657,20190510,
15658,20160202,
15659,20190131,
15660,20161104,
15661,20190625,
15662,20160606,
15663,20190723,
15664,20180727,
15665,20180608,
15666,20180301,
15667,20180213,
15668,20151208,
15669,20171110,
15670,20190505,
15671,20181107,
15672,20190619,
15673,20190828,
15674,20190306,
15675,20190617,
15676,20190817,
15677,20160323,
15678,20190428,
15679,20181015,
15680,20190806,
15681,20180319,
15682,20200227,
15683,20161021,
15684,20190822,
15685,20190427,
15686,20190430,
15687,20180914,
15688,20151214,
15689,20170707,
15690,20191105,
15691,20190729,
15692,20160224,
15693,20180621,
15694,20160817,
15695,20190222,
15696,20190805,
15697,20180504,
15698,20170731,
15699,20190313,
15700,20190413,
15701,20190623,
15702,20190110,
15703,20180801,
15704,20190528,
15705,20171016,
15706,20170713,
15707,20191113,
15708,20190812,
15709,20200115,
15710,20190924,
15711,20181219,
15712,20190327,
15713,20180413,
15714,20170330,
15715,20170915,
15716,20160808,
15717,20180705,
15718,20190618,
15719,20190924,
15720,20160505,
15721,20161128,
15722,20161122,
15723,20160330,
15724,20190505,
15725,20170329,
15726,20160714,
15727,20190613,
15728,20180814,
15729,20190220,
15730,20190617,
15731,20190509,
15732,20170802,
15733,20181107,
15734,20151209,
15735,20190419,
15736,20160711,
15737,20190717,
15738,20190918,
15739,20170630,
15740,20190624,
15741,20191230,
15742,20190522,
15743,20191106,
15744,20190731,
15745,20180815,
15746,20170929,
15747,20171127,
15748,20190729,
15749,20171107,
15750,20190828,
15751,20190810,
15752,20190617,
15753,20170929,
15754,20151223,
15755,20180926,
15756,20180730,
15757,20180613,
15758,20190716,
15759,20190803,
15760,20161226,
15761,20190426,
15762,20190507,
15763,20191023,
15764,20190507,
15765,20190712,
15766,20191029,
15767,20190507,
15768,20190809,
15769,20190613,
15770,20190612,
15771,20180404,
15772,20190728,
15773,20180920,
15774,20190722,
15775,20191217,
15776,20190827,
15777,20171211,
15778,20190723,
15779,20171219,
15780,20171030,
15781,20170607,
15782,20190903,
15783,20190220,
15784,20190321,
15785,20190830,
15786,20190614,
15787,20190823,
15788,20151228,
15789,20191014,
15790,20190417,
15791,20190615,
15792,20161212,
15793,20191011,
15794,20171026,
15795,20190726,
15796,20190620,
15797,20180115,
15798,20190905,
15799,20190416,
15800,20190518,
15801,20190626,
15802,20190307,
15803,20190413,
15804,20160809,
15805,20180926,
15806,20190312,
15807,20190813,
15808,20180828,
15809,20190525,
15810,20160714,
15811,20190617,
15812,20160803,
15813,20180807,
15814,20190518,
15815,20191020,
15816,20190819,
15817,20190819,
15818,20190830,
15819,20190321,
15820,20191118,
15821,20190927,
15822,20161103,
15823,20170314,
15824,20190606,
15825,20180625,
15826,20160629,
15827,20171215,
15828,20160513,
15829,20190813,
15830,20190801,
15831,20190417,
15832,20190619,
15833,20170630,
15834,20190722,
15835,20161028,
15836,20190516,
15837,20190328,
15838,20180718,
15839,20190529,
15840,20191101,
15841,20180202,
15842,20190621,
15843,20190821,
15844,20181208,
15845,20190619,
15846,20170904,
15847,20180807,
15848,20190417,
15849,20190728,
15850,20181025,
15851,20190529,
15852,20160825,
15853,20180518,
15854,20190114,
15855,20190802,
15856,20190814,
15857,20180525,
15858,20160726,
15859,20190518,
15860,20190504,
15861,20190822,
15862,20180919,
15863,20160907,
15864,20180413,
15865,20180930,
15866,20190527,
15867,20190918,
15868,20171109,
15869,20160817,
15870,20190515,
15871,20190808,
15872,20170116,
15873,20151228,
15874,20180211,
15875,20161129,
15876,20190726,
15877,20190522,
15878,20160823,
15879,20160929,
15880,20190709,
15881,20170707,
15882,20190716,
15883,20190426,
15884,20181030,
15885,20171117,
15886,20190726,
15887,20190911,
15888,20190819,
15889,20160303,
15890,20190730,
15891,20160427,
15892,20190531,
15893,20190510,
15894,20170704,
15895,20190416,
15896,20190703,
15897,20191012,
15898,20190802,
15899,20160830,
15900,20191031,
15901,20160316,
15902,20190602,
15903,20190724,
15904,20160719,
15905,20190429,
15906,20180605,
15907,20181211,
15908,20190412,
15909,20170616,
15910,20190718,
15911,20171213,
15912,20190622,
15913,20190919,
15914,20160823,
15915,20190614,
15916,20191023,
15917,20190615,
15918,20170627,
15919,20170726,
15920,20190101,
15921,20190524,
15922,20190510,
15923,20181011,
15924,20161018,
15925,20171026,
15926,20190718,
15927,20190730,
15928,20190801,
15929,20190522,
15930,20161128,
15931,20170113,
15932,20180201,
15933,20190413,
15934,20181014,
15935,20190506,
15936,20190720,
15937,20180627,
15938,20160622,
15939,20180710,
15940,20190506,
15941,20190426,
15942,20170930,
15943,20170605,
15944,20190509,
15945,20190809,
15946,20191031,
15947,20190501,
15948,20161230,
15949,20170721,
15950,20171017,
15951,20190829,
15952,20190616,
15953,20160324,
15954,20190430,
15955,20170407,
15956,20180419,
15957,20170721,
15958,20190716,
15959,20170605,
15960,20190429,
15961,20151228,
15962,20190313,
15963,20190828,
15964,20181022,
15965,20190428,
15966,20190802,
15967,20190617,
15968,20190415,
15969,20191209,
15970,20190510,
15971,20170906,
15972,20190717,
15973,20170721,
15974,20170829,
15975,20190804,
15976,20160412,
15977,20161024,
15978,20190508,
15979,20190722,
15980,20190117,
15981,20171018,
15982,20190122,
15983,20190401,
15984,20190618,
15985,20180309,
15986,20190807,
15987,20190616,
15988,20190730,
15989,20190510,
15990,20190724,
15991,20160930,
15992,20190605,
15993,20200115,
15994,20190407,
15995,20180227,
15996,20191016,
15997,20200116,
15998,20190412,
15999,20161011,
16000,20190415,
16001,20190806,
16002,20190103,
16003,20180117,
16004,20170420,
16005,20180823,
16006,20190517,
16007,20190517,
16008,20160711,
16009,20171128,
16010,20180214,
16011,20190611,
16012,20170725,
16013,20160531,
16014,20191205,
16015,20160517,
16016,20190514,
16017,20190617,
16018,20190711,
16019,20190619,
16020,20170628,
16021,20190725,
16022,20160817,
16023,20190926,
16024,20190304,
16025,20190430,
16026,20190811,
16027,20190428,
16028,20191017,
16029,20191217,
16030,20190213,
16031,20190614,
16032,20190426,
16033,20180620,
16034,20170522,
16035,20170317,
16036,20180206,
16037,20191101,
16038,20190516,
16039,20190613,
16040,20160728,
16041,20170830,
16042,20190722,
16043,20170124,
16044,20161207,
16045,20180914,
16046,20190816,
16047,20180710,
16048,20190802,
16049,20181205,
16050,20190501,
16051,20190920,
16052,20190828,
16053,20200103,
16054,20160711,
16055,20170421,
16056,20170523,
16057,20171127,
16058,20161214,
16059,20160427,
16060,20190130,
16061,20160816,
16062,20180727,
16063,20190825,
16064,20190304,
16065,20180523,
16066,20160612,
16067,20170308,
16068,20190312,
16069,20180529,
16070,20190614,
16071,20180222,
16072,20160921,
16073,20190814,
16074,20180614,
16075,20170105,
16076,20190607,
16077,20180827,
16078,20190709,
16079,20180611,
16080,20190606,
16081,20190625,
16082,20190622,
16083,20190506,
16084,20190729,
16085,20190614,
16086,20191112,
16087,20170918,
16088,20160714,
16089,20180315,
16090,20170629,
16091,20190718,
16092,20191111,
16093,20190510,
16094,20190827,
16095,20190509,
16096,20170713,
16097,20160627,
16098,20190124,
16099,20160908,
16100,20180104,
16101,20190728,
16102,20161013,
16103,20160331,
16104,20190409,
16105,20190625,
16106,20190823,
16107,20190510,
16108,20180201,
16109,20190622,
16110,20190619,
16111,20190313,
16112,20161018,
16113,20180327,
16114,20180816,
16115,20190717,
16116,20190918,
16117,20191024,
16118,20161207,
16119,20171114,
16120,20180517,
16121,20190618,
16122,20161028,
16123,20160607,
16124,20180702,
16125,20171031,
16126,20190308,
16127,20190927,
16128,20190516,
16129,20160704,
16130,20190803,
16131,20180802,
16132,20190103,
16133,20180923,
16134,20190822,
16135,20200114,
16136,20181217,
16137,20191030,
16138,20190616,
16139,20190617,
16140,20190617,
16141,20180131,
16142,20170728,
16143,20160728,
16144,20161027,
16145,20181012,
16146,20181220,
16147,20190413,
16148,20181008,
16149,20160504,
16150,20160712,
16151,20181203,
16152,20160126,
16153,20181105,
16154,20151130,
16155,20170322,
16156,20190616,
16157,20190716,
16158,20190927,
16159,20190611,
16160,20190509,
16161,20190627,
16162,20190717,
16163,20190613,
16164,20190725,
16165,20180709,
16166,20160630,
16167,20190807,
16168,20190507,
16169,20171117,
16170,20160621,
16171,20181030,
16172,20190401,
16173,20191114,
16174,20190329,
16175,20190616,
16176,20190505,
16177,20160414,
16178,20181226,
16179,20190301,
16180,20171116,
16181,20180227,
16182,20190516,
16183,20190111,
16184,20190516,
16185,20170922,
16186,20190628,
16187,20190516,
16188,20200214,
16189,20190516,
16190,20190624,
16191,20161013,
16192,20190623,
16193,20160420,
16194,20171012,
16195,20181117,
16196,20160906,
16197,20190708,
16198,20190726,
16199,20170823,
16200,20191125,
16201,20191212,
16202,20190606,
16203,20181023,
16204,20180110,
16205,20170815,
16206,20181008,
16207,20190813,
16208,20180619,
16209,20161128,
16210,20190129,
16211,20190723,
16212,20190819,
16213,20170518,
16214,20191208,
16215,20170328,
16216,20180919,
16217,20190518,
16218,20190630,
16219,20190802,
16220,20190530,
16221,20170928,
16222,20190910,
16223,20160815,
16224,20160909,
16225,20161122,
16226,20190418,
16227,20190426,
16228,20190329,
16229,20160517,
16230,20160725,
16231,20190320,
16232,20180214,
16233,20190416,
16234,20180327,
16235,20180820,
16236,20190516,
16237,20160121,
16238,20190808,
16239,20181018,
16240,20190614,
16241,20190827,
16242,20161208,
16243,20160421,
16244,20160902,
16245,20190728,
16246,20180801,
16247,20160826,
16248,20180427,
16249,20170311,
16250,20190414,
16251,20190621,
16252,20171012,
16253,20190712,
16254,20170502,
16255,20170417,
16256,20190624,
16257,20181212,
16258,20160823,
16259,20180727,
16260,20190328,
16261,20171129,
16262,20190805,
16263,20181024,
16264,20160406,
16265,20181011,
16266,20190614,
16267,20191125,
16268,20180717,
16269,20180912,
16270,20180808,
16271,20190930,
16272,20190724,
16273,20190605,
16274,20190626,
16275,20160920,
16276,20170405,
16277,20191108,
16278,20190911,
16279,20190426,
16280,20190121,
16281,20190429,
16282,20170306,
16283,20160315,
16284,20180709,
16285,20180418,
16286,20181207,
16287,20190516,
16288,20151229,
16289,20190426,
16290,20160822,
16291,20191210,
16292,20190111,
16293,20190313,
16294,20190407,
16295,20170824,
16296,20190503,
16297,20170707,
16298,20190729,
16299,20190515,
16300,20190730,
16301,20190429,
16302,20190714,
16303,20161010,
16304,20190923,
16305,20160614,
16306,20180817,
16307,20160519,
16308,20191107,
16309,20190618,
16310,20170912,
16311,20171127,
16312,20180419,
16313,20190523,
16314,20190221,
16315,20160831,
16316,20190911,
16317,20190128,
16318,20190103,
16319,20170515,
16320,20190617,
16321,20190720,
16322,20180702,
16323,20181103,
16324,20180725,
16325,20170717,
16326,20190214,
16327,20190815,
16328,20160414,
16329,20190920,
16330,20181018,
16331,20170920,
16332,20170508,
16333,20190802,
16334,20190612,
16335,20160817,
16336,20190529,
16337,20180726,
16338,20160411,
16339,20161008,
16340,20161212,
16341,20190516,
16342,20160412,
16343,20180113,
16344,20180629,
16345,20190426,
16346,20190802,
16347,20180820,
16348,20190807,
16349,20190730,
16350,20180206,
16351,20180131,
16352,20181129,
16353,20190724,
16354,20190831,
16355,20190508,
16356,20190429,
16357,20161019,
16358,20161109,
16359,20190628,
16360,20161220,
16361,20170606,
16362,20190904,
16363,20180626,
16364,20170621,
16365,20190421,
16366,20171227,
16367,20190606,
16368,20160125,
16369,20160912,
16370,20180907,
16371,20190627,
16372,20181106,
16373,20190705,
16374,20161018,
16375,20190429,
16376,20160513,
16377,20171208,
16378,20170815,
16379,20190424,
16380,20151228,
16381,20161103,
16382,20170311,
16383,20190801,
16384,20171130,
16385,20181026,
16386,20151215,
16387,20190603,
16388,20161107,
16389,20190522,
16390,20190606,
16391,20190902,
16392,20180531,
16393,20180118,
16394,20190731,
16395,20190617,
16396,20161019,
16397,20190523,
16398,20190111,
16399,20180916,
16400,20190622,
16401,20190708,
16402,20190604,
16403,20180404,
16404,20190816,
16405,20180222,
16406,20190618,
16407,20180315,
16408,20190428,
16409,20190606,
16410,20180417,
16411,20170927,
16412,20190522,
16413,20171013,
16414,20190809,
16415,20180110,
16416,20180731,
16417,20190701,
16418,20170526,
16419,20181010,
16420,20160426,
16421,20190506,
16422,20190519,
16423,20190715,
16424,20160728,
16425,20190614,
16426,20190717,
16427,20190711,
16428,20171122,
16429,20190530,
16430,20170815,
16431,20190508,
16432,20160808,
16433,20190618,
16434,20190722,
16435,20170410,
16436,20170612,
16437,20190616,
16438,20180828,
16439,20180122,
16440,20190730,
16441,20170922,
16442,20180625,
16443,20190614,
16444,20190505,
16445,20191017,
16446,20181214,
16447,20170302,
16448,20170719,
16449,20160322,
16450,20190826,
16451,20171019,
16452,20170825,
16453,20190614,
16454,20190301,
16455,20190618,
16456,20190911,
16457,20170815,
16458,20190913,
16459,20180124,
16460,20181231,
16461,20190604,
16462,20190722,
16463,20190112,
16464,20170410,
16465,20190615,
16466,20181112,
16467,20170308,
16468,20180625,
16469,20160803,
16470,20160906,
16471,20190607,
16472,20190616,
16473,20190827,
16474,20170911,
16475,20190509,
16476,20180914,
16477,20190314,
16478,20171130,
16479,20161226,
16480,20181130,
16481,20190412,
16482,20161028,
16483,20170718,
16484,20190618,
16485,20190520,
16486,20190614,
16487,20191226,
16488,20170527,
16489,20170311,
16490,20190702,
16491,20190530,
16492,20190613,
16493,20180118,
16494,20190516,
16495,20160509,
16496,20190516,
16497,20190822,
16498,20170510,
16499,20190806,
16500,20170306,
16501,20180605,
16502,20191206,
16503,20190709,
16504,20190327,
16505,20190501,
16506,20160829,
16507,20180201,
16508,20170921,
16509,20190823,
16510,20181012,
16511,20160825,
16512,20190703,
16513,20190610,
16514,20170311,
16515,20170818,
16516,20190820,
16517,20170615,
16518,20190901,
16519,20180206,
16520,20190108,
16521,20191223,
16522,20190917,
16523,20190521,
16524,20180403,
16525,20190503,
16526,20180813,
16527,20161025,
16528,20191015,
16529,20151217,
16530,20190516,
16531,20151222,
16532,20181227,
16533,20190616,
16534,20190329,
16535,20170711,
16536,20190128,
16537,20190619,
16538,20171030,
16539,20170330,
16540,20190705,
16541,20190812,
16542,20170821,
16543,20180408,
16544,20190327,
16545,20181207,
16546,20190804,
16547,20180529,
16548,20160510,
16549,20190620,
16550,20181210,
16551,20191006,
16552,20170419,
16553,20170630,
16554,20180702,
16555,20190414,
16556,20190108,
16557,20190415,
16558,20190522,
16559,20160722,
16560,20191028,
16561,20190710,
16562,20190125,
16563,20190518,
16564,20190226,
16565,20171130,
16566,20170425,
16567,20180309,
16568,20181106,
16569,20160122,
16570,20180525,
16571,20180330,
16572,20151127,
16573,20170525,
16574,20190822,
16575,20190717,
16576,20190201,
16577,20181015,
16578,20190723,
16579,20160914,
16580,20171116,
16581,20191203,
16582,20190617,
16583,20160304,
16584,20190509,
16585,20171027,
16586,20170407,
16587,20190619,
16588,20160927,
16589,20190627,
16590,20180725,
16591,20190722,
16592,20190920,
16593,20190530,
16594,20180206,
16595,20170828,
16596,20190416,
16597,20181008,
16598,20190507,
16599,20190619,
16600,20171023,
16601,20190715,
16602,20181204,
16603,20180202,
16604,20181011,
16605,20170307,
16606,20181017,
16607,20180613,
16608,20170629,
16609,20160708,
16610,20160408,
16611,20190617,
16612,20170714,
16613,20190712,
16614,20190826,
16615,20170816,
16616,20190422,
16617,20190426,
16618,20190925,
16619,20181009,
16620,20190724,
16621,20190713,
16622,20190605,
16623,20171011,
16624,20190615,
16625,20181009,
16626,20190510,
16627,20190516,
16628,20170220,
16629,20170421,
16630,20190927,
16631,20170415,
16632,20190426,
16633,20200102,
16634,20181023,
16635,20190903,
16636,20171017,
16637,20170629,
16638,20170527,
16639,20160718,
16640,20161223,
16641,20180726,
16642,20181211,
16643,20161130,
16644,20190730,
16645,20160715,
16646,20160516,
16647,20160615,
16648,20190313,
16649,20190723,
16650,20160818,
16651,20190614,
16652,20161214,
16653,20170420,
16654,20190708,
16655,20190422,
16656,20170413,
16657,20190505,
16658,20180903,
16659,20190605,
16660,20190120,
16661,20190724,
16662,20190520,
16663,20180620,
16664,20180921,
16665,20161010,
16666,20190416,
16667,20161104,
16668,20180920,
16669,20190815,
16670,20190807,
16671,20181022,
16672,20190711,
16673,20190330,
16674,20160617,
16675,20171221,
16676,20190523,
16677,20171107,
16678,20190705,
16679,20180705,
16680,20190616,
16681,20191225,
16682,20160811,
16683,20190822,
16684,20190808,
16685,20190424,
16686,20191108,
16687,20190809,
16688,20180625,
16689,20170628,
16690,20190128,
16691,20200116,
16692,20171102,
16693,20190723,
16694,20171030,
16695,20170629,
16696,20190104,
16697,20181015,
16698,20180611,
16699,20180613,
16700,20190528,
16701,20180201,
16702,20191014,
16703,20190709,
16704,20191128,
16705,20160222,
16706,20190711,
16707,20160926,
16708,20180711,
16709,20170825,
16710,20160728,
16711,20191023,
16712,20190506,
16713,20181228,
16714,20190430,
16715,20190329,
16716,20190125,
16717,20190510,
16718,20190728,
16719,20190722,
16720,20190926,
16721,20190517,
16722,20151208,
16723,20190321,
16724,20160810,
16725,20180428,
16726,20190828,
16727,20180412,
16728,20160816,
16729,20181107,
16730,20171009,
16731,20181107,
16732,20160918,
16733,20190929,
16734,20161103,
16735,20190521,
16736,20180906,
16737,20190522,
16738,20190626,
16739,20161212,
16740,20190506,
16741,20180108,
16742,20170627,
16743,20190917,
16744,20190328,
16745,20171122,
16746,20190710,
16747,20190412,
16748,20190507,
16749,20180309,
16750,20190503,
16751,20190329,
16752,20190516,
16753,20190112,
16754,20190616,
16755,20190930,
16756,20181029,
16757,20190515,
16758,20180904,
16759,20190313,
16760,20190615,
16761,20190510,
16762,20160630,
16763,20200103,
16764,20171115,
16765,20180423,
16766,20180816,
16767,20190720,
16768,20190725,
16769,20190605,
16770,20190124,
16771,20190725,
16772,20190507,
16773,20190609,
16774,20191226,
16775,20190510,
16776,20180808,
16777,20160511,
16778,20191020,
16779,20190701,
16780,20180725,
16781,20190531,
16782,20190130,
16783,20190718,
16784,20190506,
16785,20170526,
16786,20190812,
16787,20190322,
16788,20190422,
16789,20171031,
16790,20170922,
16791,20190815,
16792,20190418,
16793,20190730,
16794,20151208,
16795,20151210,
16796,20180316,
16797,20190617,
16798,20170615,
16799,20190602,
16800,20170508,
16801,20190711,
16802,20190516,
16803,20180806,
16804,20180509,
16805,20180530,
16806,20190521,
16807,20161214,
16808,20151201,
16809,20190411,
16810,20160314,
16811,20170926,
16812,20160427,
16813,20190402,
16814,20190426,
16815,20190525,
16816,20191105,
16817,20171012,
16818,20160114,
16819,20160929,
16820,20190502,
16821,20190619,
16822,20190518,
16823,20160815,
16824,20180912,
16825,20190115,
16826,20170531,
16827,20170118,
16828,20190626,
16829,20181228,
16830,20180731,
16831,20190617,
16832,20190814,
16833,20190806,
16834,20190801,
16835,20190803,
16836,20170330,
16837,20190520,
16838,20190803,
16839,20181106,
16840,20160629,
16841,20190328,
16842,20180130,
16843,20151229,
16844,20180315,
16845,20190515,
16846,20180428,
16847,20180920,
16848,20181021,
16849,20160629,
16850,20190730,
16851,20190702,
16852,20180202,
16853,20190130,
16854,20190722,
16855,20160721,
16856,20190916,
16857,20190416,
16858,20161209,
16859,20190611,
16860,20181109,
16861,20190917,
16862,20170830,
16863,20151216,
16864,20180905,
16865,20190530,
16866,20190301,
16867,20190828,
16868,20190509,
16869,20190429,
16870,20190118,
16871,20161020,
16872,20160218,
16873,20190313,
16874,20190506,
16875,20170908,
16876,20190520,
16877,20191017,
16878,20190906,
16879,20160818,
16880,20190608,
16881,20190417,
16882,20170324,
16883,20170919,
16884,20190827,
16885,20190625,
16886,20190328,
16887,20170905,
16888,20180623,
16889,20190521,
16890,20170719,
16891,20190507,
16892,20181108,
16893,20190729,
16894,20190428,
16895,20151224,
16896,20181110,
16897,20170508,
16898,20170407,
16899,20190730,
16900,20190311,
16901,20190517,
16902,20190725,
16903,20190712,
16904,20190726,
16905,20160223,
16906,20160907,
16907,20190730,
16908,20190614,
16909,20190830,
16910,20191111,
16911,20190510,
16912,20200115,
16913,20190731,
16914,20171025,
16915,20160712,
16916,20181013,
16917,20160725,
16918,20190404,
16919,20190417,
16920,20180724,
16921,20190510,
16922,20190219,
16923,20161128,
16924,20190503,
16925,20190901,
16926,20180118,
16927,20160930,
16928,20190313,
16929,20190416,
16930,20190113,
16931,20190802,
16932,20190725,
16933,20170626,
16934,20180126,
16935,20190221,
16936,20190523,
16937,20190422,
16938,20170922,
16939,20181011,
16940,20190425,
16941,20180621,
16942,20190708,
16943,20190725,
16944,20170320,
16945,20160624,
16946,20200107,
16947,20190809,
16948,20180927,
16949,20190719,
16950,20190821,
16951,20190426,
16952,20190510,
16953,20180207,
16954,20171130,
16955,20160618,
16956,20190821,
16957,20160224,
16958,20170807,
16959,20190802,
16960,20160907,
16961,20171122,
16962,20190528,
16963,20161026,
16964,20190502,
16965,20171016,
16966,20170704,
16967,20190829,
16968,20190712,
16969,20190822,
16970,20171228,
16971,20191028,
16972,20171129,
16973,20190609,
16974,20180823,
16975,20190604,
16976,20190510,
16977,20190603,
16978,20190507,
16979,20180923,
16980,20190816,
16981,20170410,
16982,20190516,
16983,20191113,
16984,20170210,
16985,20190605,
16986,20190615,
16987,20170213,
16988,20190712,
16989,20190728,
16990,20190821,
16991,20190428,
16992,20171208,
16993,20181220,
16994,20180815,
16995,20181211,
16996,20190627,
16997,20181105,
16998,20180702,
16999,20190916,
17000,20190812,
17001,20160707,
17002,20170124,
17003,20190731,
17004,20190315,
17005,20190926,
17006,20191115,
17007,20190731,
17008,20190610,
17009,20190719,
17010,20191111,
17011,20190114,
17012,20181109,
17013,20191203,
17014,20190618,
17015,20180628,
17016,20190519,
17017,20160815,
17018,20190726,
17019,20180115,
17020,20190422,
17021,20190604,
17022,20160818,
17023,20171207,
17024,20190415,
17025,20190703,
17026,20170228,
17027,20191101,
17028,20190218,
17029,20190911,
17030,20171027,
17031,20180326,
17032,20190829,
17033,20190726,
17034,20161212,
17035,20171130,
17036,20190617,
17037,20180717,
17038,20190820,
17039,20160728,
17040,20190509,
17041,20190913,
17042,20170109,
17043,20190513,
17044,20200113,
17045,20190325,
17046,20160527,
17047,20181204,
17048,20180301,
17049,20180808,
17050,20191013,
17051,20190115,
17052,20190319,
17053,20180626,
17054,20190617,
17055,20190510,
17056,20160204,
17057,20161209,
17058,20190505,
17059,20190315,
17060,20180829,
17061,20190811,
17062,20170623,
17063,20180815,
17064,20160104,
17065,20181015,
17066,20161031,
17067,20171201,
17068,20190516,
17069,20190430,
17070,20190625,
17071,20170413,
17072,20190529,
17073,20160930,
17074,20190414,
17075,20181218,
17076,20151217,
17077,20190104,
17078,20191231,
17079,20190823,
17080,20190615,
17081,20181221,
17082,20190809,
17083,20191115,
17084,20190726,
17085,20180917,
17086,20190611,
17087,20190407,
17088,20190521,
17089,20180831,
17090,20160927,
17091,20190422,
17092,20190829,
17093,20190726,
17094,20180214,
17095,20161121,
17096,20160707,
17097,20181025,
17098,20180125,
17099,20190517,
17100,20190506,
17101,20171013,
17102,20181110,
17103,20190721,
17104,20180417,
17105,20180314,
17106,20160620,
17107,20180820,
17108,20151214,
17109,20180222,
17110,20160719,
17111,20170726,
17112,20191017,
17113,20190622,
17114,20190926,
17115,20151214,
17116,20190327,
17117,20170329,
17118,20180206,
17119,20190729,
17120,20190910,
17121,20170425,
17122,20171115,
17123,20161222,
17124,20190504,
17125,20180724,
17126,20190505,
17127,20190429,
17128,20170728,
17129,20160707,
17130,20190806,
17131,20180102,
17132,20160826,
17133,20190315,
17134,20170607,
17135,20170610,
17136,20151216,
17137,20191017,
17138,20170605,
17139,20190606,
17140,20190327,
17141,20190104,
17142,20190604,
17143,20160620,
17144,20171117,
17145,20180731,
17146,20170306,
17147,20190724,
17148,20180705,
17149,20170919,
17150,20190421,
17151,20190311,
17152,20191017,
17153,20190509,
17154,20170324,
17155,20191029,
17156,20170412,
17157,20190620,
17158,20170920,
17159,20160630,
17160,20190906,
17161,20180929,
17162,20171213,
17163,20190820,
17164,20190516,
17165,20151204,
17166,20161009,
17167,20181212,
17168,20190627,
17169,20190314,
17170,20171115,
17171,20170119,
17172,20190506,
17173,20190712,
17174,20180201,
17175,20161222,
17176,20180803,
17177,20190910,
17178,20160824,
17179,20190507,
17180,20180126,
17181,20190423,
17182,20190613,
17183,20190401,
17184,20170316,
17185,20190510,
17186,20181102,
17187,20160831,
17188,20171102,
17189,20190618,
17190,20190627,
17191,20190808,
17192,20190509,
17193,20171123,
17194,20160826,
17195,20190717,
17196,20190507,
17197,20190722,
17198,20170920,
17199,20160928,
17200,20190615,
17201,20190729,
17202,20181015,
17203,20190715,
17204,20180206,
17205,20190822,
17206,20190509,
17207,20190518,
17208,20190615,
17209,20190806,
17210,20190712,
17211,20190125,
17212,20190427,
17213,20170925,
17214,20161130,
17215,20190802,
17216,20190110,
17217,20160426,
17218,20180925,
17219,20190730,
17220,20170628,
17221,20190709,
17222,20180729,
17223,20161205,
17224,20160408,
17225,20190506,
17226,20190611,
17227,20190118,
17228,20181203,
17229,20190514,
17230,20190329,
17231,20190714,
17232,20170608,
17233,20190430,
17234,20161031,
17235,20190328,
17236,20190402,
17237,20190515,
17238,20190314,
17239,20190705,
17240,20180814,
17241,20170425,
17242,20190720,
17243,20190616,
17244,20190510,
17245,20180623,
17246,20190804,
17247,20190624,
17248,20180429,
17249,20171031,
17250,20190825,
17251,20190109,
17252,20190905,
17253,20170828,
17254,20160830,
17255,20180319,
17256,20160624,
17257,20190601,
17258,20171129,
17259,20181008,
17260,20190212,
17261,20190430,
17262,20160617,
17263,20190823,
17264,20190504,
17265,20180615,
17266,20170318,
17267,20190329,
17268,20190606,
17269,20170111,
17270,20190725,
17271,20170911,
17272,20171013,
17273,20171025,
17274,20190506,
17275,20160831,
17276,20190509,
17277,20181112,
17278,20161115,
17279,20191004,
17280,20190124,
17281,20180625,
17282,20160831,
17283,20190421,
17284,20190313,
17285,20190510,
17286,20180510,
17287,20170720,
17288,20170207,
17289,20191112,
17290,20190111,
17291,20190615,
17292,20181011,
17293,20190614,
17294,20190419,
17295,20171009,
17296,20190708,
17297,20190516,
17298,20160907,
17299,20160331,
17300,20190307,
17301,20170619,
17302,20181221,
17303,20190318,
17304,20190713,
17305,20190130,
17306,20151221,
17307,20180125,
17308,20190515,
17309,20190718,
17310,20190510,
17311,20161207,
17312,20181215,
17313,20180108,
17314,20190509,
17315,20190722,
17316,20161110,
17317,20181221,
17318,20170412,
17319,20190726,
17320,20190804,
17321,20170330,
17322,20180124,
17323,20190425,
17324,20190303,
17325,20160511,
17326,20151210,
17327,20190529,
17328,20160510,
17329,20190517,
17330,20190704,
17331,20190828,
17332,20190505,
17333,20190329,
17334,20180517,
17335,20170725,
17336,20190617,
17337,20191213,
17338,20170925,
17339,20190128,
17340,20200103,
17341,20190902,
17342,20181125,
17343,20190705,
17344,20190428,
17345,20190606,
17346,20190304,
17347,20170630,
17348,20180117,
17349,20171009,
17350,20190615,
17351,20190729,
17352,20190611,
17353,20190815,
17354,20191228,
17355,20160816,
17356,20190311,
17357,20190731,
17358,20190910,
17359,20160411,
17360,20191023,
17361,20190722,
17362,20191128,
17363,20190721,
17364,20190325,
17365,20190703,
17366,20180104,
17367,20190620,
17368,20190804,
17369,20180820,
17370,20190712,
17371,20190620,
17372,20190621,
17373,20190728,
17374,20190724,
17375,20170703,
17376,20190610,
17377,20190505,
17378,20160922,
17379,20190716,
17380,20190709,
17381,20191021,
17382,20200116,
17383,20190904,
17384,20190506,
17385,20191025,
17386,20160317,
17387,20200226,
17388,20190924,
17389,20160704,
17390,20180808,
17391,20191017,
17392,20191105,
17393,20180919,
17394,20170518,
17395,20190701,
17396,20180121,
17397,20160817,
17398,20181026,
17399,20190715,
17400,20170322,
17401,20160927,
17402,20190615,
17403,20180523,
17404,20190615,
17405,20191122,
17406,20171218,
17407,20190628,
17408,20181206,
17409,20170608,
17410,20190419,
17411,20180718,
17412,20181024,
17413,20190621,
17414,20190716,
17415,20190401,
17416,20190805,
17417,20171106,
17418,20160203,
17419,20191025,
17420,20171123,
17421,20170504,
17422,20170220,
17423,20190802,
17424,20190801,
17425,20190604,
17426,20191217,
17427,20190424,
17428,20161013,
17429,20190908,
17430,20160407,
17431,20190804,
17432,20190420,
17433,20191108,
17434,20190911,
17435,20180428,
17436,20170311,
17437,20160607,
17438,20190426,
17439,20190713,
17440,20190523,
17441,20190529,
17442,20190803,
17443,20171212,
17444,20181012,
17445,20181108,
17446,20190718,
17447,20190509,
17448,20190614,
17449,20160303,
17450,20190614,
17451,20190529,
17452,20160714,
17453,20170927,
17454,20170228,
17455,20151201,
17456,20180809,
17457,20160506,
17458,20190516,
17459,20171214,
17460,20190227,
17461,20180709,
17462,20190814,
17463,20190823,
17464,20191028,
17465,20190415,
17466,20190804,
17467,20190429,
17468,20170714,
17469,20160512,
17470,20170411,
17471,20190726,
17472,20190813,
17473,20160519,
17474,20190529,
17475,20190314,
17476,20170406,
17477,20190716,
17478,20170920,
17479,20200102,
17480,20190914,
17481,20190530,
17482,20190814,
17483,20190516,
17484,20180820,
17485,20180528,
17486,20190730,
17487,20171027,
17488,20190812,
17489,20191017,
17490,20190704,
17491,20190327,
17492,20190823,
17493,20180518,
17494,20180831,
17495,20170921,
17496,20190328,
17497,20190514,
17498,20190427,
17499,20160906,
17500,20191102,
17501,20190615,
17502,20180731,
17503,20160229,
17504,20171127,
17505,20190421,
17506,20151210,
17507,20181103,
17508,20190426,
17509,20170905,
17510,20190730,
17511,20190617,
17512,20160512,
17513,20181211,
17514,20190607,
17515,20190822,
17516,20200116,
17517,20151224,
17518,20190909,
17519,20190318,
17520,20191008,
17521,20180515,
17522,20191006,
17523,20170605,
17524,20190426,
17525,20190510,
17526,20160727,
17527,20190501,
17528,20160623,
17529,20190507,
17530,20170516,
17531,20190327,
17532,20190902,
17533,20190815,
17534,20190602,
17535,20170405,
17536,20190319,
17537,20190514,
17538,20161117,
17539,20161230,
17540,20171019,
17541,20170619,
17542,20170106,
17543,20181009,
17544,20190202,
17545,20190424,
17546,20191024,
17547,20190819,
17548,20181101,
17549,20160527,
17550,20190819,
17551,20190606,
17552,20170706,
17553,20170627,
17554,20180926,
17555,20180829,
17556,20181205,
17557,20190616,
17558,20190926,
17559,20170303,
17560,20160517,
17561,20190410,
17562,20160622,
17563,20181116,
17564,20190813,
17565,20180815,
17566,20190222,
17567,20160822,
17568,20180312,
17569,20160718,
17570,20190218,
17571,20190721,
17572,20160628,
17573,20190507,
17574,20190430,
17575,20190515,
17576,20160806,
17577,20170829,
17578,20180712,
17579,20180413,
17580,20160229,
17581,20180212,
17582,20180929,
17583,20180608,
17584,20151208,
17585,20190510,
17586,20190508,
17587,20160115,
17588,20190905,
17589,20171102,
17590,20190617,
17591,20190718,
17592,20190809,
17593,20160517,
17594,20180913,
17595,20190615,
17596,20180419,
17597,20171011,
17598,20181029,
17599,20161216,
17600,20160824,
17601,20160913,
17602,20190928,
17603,20151201,
17604,20190718,
17605,20191106,
17606,20191113,
17607,20160912,
17608,20190527,
17609,20171205,
17610,20190107,
17611,20171125,
17612,20190603,
17613,20160921,
17614,20190510,
17615,20170804,
17616,20190925,
17617,20170904,
17618,20171215,
17619,20170327,
17620,20151230,
17621,20190917,
17622,20190712,
17623,20180110,
17624,20180815,
17625,20170621,
17626,20190802,
17627,20190729,
17628,20190522,
17629,20170407,
17630,20190515,
17631,20160920,
17632,20190508,
17633,20181011,
17634,20170731,
17635,20170928,
17636,20191225,
17637,20190801,
17638,20190708,
17639,20180213,
17640,20180214,
17641,20170509,
17642,20190507,
17643,20171024,
17644,20190725,
17645,20170717,
17646,20190507,
17647,20181120,
17648,20180702,
17649,20170228,
17650,20180713,
17651,20190510,
17652,20151218,
17653,20181029,
17654,20190429,
17655,20190620,
17656,20180803,
17657,20170930,
17658,20170731,
17659,20160205,
17660,20190612,
17661,20190807,
17662,20190719,
17663,20190623,
17664,20190414,
17665,20171117,
17666,20190929,
17667,20190808,
17668,20190326,
17669,20160603,
17670,20160829,
17671,20190614,
17672,20190802,
17673,20190429,
17674,20190814,
17675,20180127,
17676,20190903,
17677,20181113,
17678,20161108,
17679,20171123,
17680,20160822,
17681,20191118,
17682,20171122,
17683,20190429,
17684,20170815,
17685,20190523,
17686,20191025,
17687,20190919,
17688,20191127,
17689,20180806,
17690,20160128,
17691,20180725,
17692,20190604,
17693,20190507,
17694,20190731,
17695,20170925,
17696,20160826,
17697,20170810,
17698,20190305,
17699,20190420,
17700,20181022,
17701,20180810,
17702,20190806,
17703,20180115,
17704,20171204,
17705,20170110,
17706,20190704,
17707,20190925,
17708,20190330,
17709,20190921,
17710,20170122,
17711,20161104,
17712,20160513,
17713,20161208,
17714,20180914,
17715,20190521,
17716,20190827,
17717,20190109,
17718,20190314,
17719,20161207,
17720,20170930,
17721,20180420,
17722,20190130,
17723,20180122,
17724,20190518,
17725,20190804,
17726,20190614,
17727,20160426,
17728,20170602,
17729,20161107,
17730,20161206,
17731,20190618,
17732,20161222,
17733,20161115,
17734,20190504,
17735,20151217,
17736,20180928,
17737,20180629,
17738,20190306,
17739,20190820,
17740,20190506,
17741,20171222,
17742,20190518,
17743,20190510,
17744,20190725,
17745,20170918,
17746,20171213,
17747,20190731,
17748,20180724,
17749,20181210,
17750,20190505,
17751,20190618,
17752,20161222,
17753,20180808,
17754,20170228,
17755,20181110,
17756,20190627,
17757,20191017,
17758,20180905,
17759,20190717,
17760,20160203,
17761,20200116,
17762,20180927,
17763,20190731,
17764,20170927,
17765,20170210,
17766,20190614,
17767,20181031,
17768,20170706,
17769,20190506,
17770,20171215,
17771,20190618,
17772,20190829,
17773,20180830,
17774,20160830,
17775,20170706,
17776,20170518,
17777,20160222,
17778,20160512,
17779,20190116,
17780,20170925,
17781,20170330,
17782,20190904,
17783,20190809,
17784,20190802,
17785,20180703,
17786,20160628,
17787,20160115,
17788,20170223,
17789,20190903,
17790,20160329,
17791,20151215,
17792,20190618,
17793,20190604,
17794,20190901,
17795,20190521,
17796,20180212,
17797,20171220,
17798,20170726,
17799,20161122,
17800,20190720,
17801,20180319,
17802,20180510,
17803,20171109,
17804,20180209,
17805,20180709,
17806,20180703,
17807,20170511,
17808,20190506,
17809,20190515,
17810,20190711,
17811,20151215,
17812,20190521,
17813,20190911,
17814,20190804,
17815,20190610,
17816,20190822,
17817,20160527,
17818,20190726,
17819,20171110,
17820,20190815,
17821,20190731,
17822,20160902,
17823,20180724,
17824,20190114,
17825,20190616,
17826,20190429,
17827,20180928,
17828,20181220,
17829,20181108,
17830,20190506,
17831,20190604,
17832,20151208,
17833,20190805,
17834,20190418,
17835,20190615,
17836,20190312,
17837,20191212,
17838,20190502,
17839,20190419,
17840,20190506,
17841,20190617,
17842,20180820,
17843,20190917,
17844,20190716,
17845,20190524,
17846,20181009,
17847,20180619,
17848,20190314,
17849,20190325,
17850,20171125,
17851,20180212,
17852,20161103,
17853,20160517,
17854,20181102,
17855,20190603,
17856,20200115,
17857,20190521,
17858,20180104,
17859,20190915,
17860,20190627,
17861,20190724,
17862,20191010,
17863,20181201,
17864,20190313,
17865,20180902,
17866,20151223,
17867,20161216,
17868,20181022,
17869,20160622,
17870,20190509,
17871,20190306,
17872,20161128,
17873,20190614,
17874,20190621,
17875,20190729,
17876,20170718,
17877,20191129,
17878,20171106,
17879,20160325,
17880,20181012,
17881,20200220,
17882,20170621,
17883,20190626,
17884,20181028,
17885,20191113,
17886,20190617,
17887,20160510,
17888,20190614,
17889,20190809,
17890,20170829,
17891,20170527,
17892,20170630,
17893,20190104,
17894,20190330,
17895,20190626,
17896,20181013,
17897,20160629,
17898,20190724,
17899,20170508,
17900,20170925,
17901,20170330,
17902,20170626,
17903,20160125,
17904,20180727,
17905,20190712,
17906,20170929,
17907,20191030,
17908,20151214,
17909,20190617,
17910,20190515,
17911,20151222,
17912,20190808,
17913,20171213,
17914,20190509,
17915,20170505,
17916,20190628,
17917,20181112,
17918,20190509,
17919,20170228,
17920,20190701,
17921,20160412,
17922,20160722,
17923,20181201,
17924,20190117,
17925,20190701,
17926,20170912,
17927,20190603,
17928,20200109,
17929,20190110,
17930,20161230,
17931,20171019,
17932,20190810,
17933,20190615,
17934,20190721,
17935,20191028,
17936,20190419,
17937,20190719,
17938,20190111,
17939,20160203,
17940,20190502,
17941,20190809,
17942,20151209,
17943,20170217,
17944,20151201,
17945,20181218,
17946,20181025,
17947,20190329,
17948,20180224,
17949,20160822,
17950,20190322,
17951,20160615,
17952,20190920,
17953,20190510,
17954,20170918,
17955,20190429,
17956,20190515,
17957,20190816,
17958,20191120,
17959,20160331,
17960,20160705,
17961,20190710,
17962,20170428,
17963,20170324,
17964,20190516,
17965,20190609,
17966,20190327,
17967,20180427,
17968,20190731,
17969,20190625,
17970,20171122,
17971,20190220,
17972,20190502,
17973,20161210,
17974,20200115,
17975,20191126,
17976,20170307,
17977,20151211,
17978,20190311,
17979,20190718,
17980,20181017,
17981,20181011,
17982,20190716,
17983,20190730,
17984,20190507,
17985,20190516,
17986,20161230,
17987,20160426,
17988,20190510,
17989,20190429,
17990,20190425,
17991,20191030,
17992,20170822,
17993,20190117,
17994,20160819,
17995,20170425,
17996,20170621,
17997,20180127,
17998,20170630,
17999,20190628,
18000,20181021,
18001,20180926,
18002,20190402,
18003,20190312,
18004,20190911,
18005,20190506,
18006,20180328,
18007,20190622,
18008,20190918,
18009,20190430,
18010,20180912,
18011,20190426,
18012,20160918,
18013,20191209,
18014,20190525,
18015,20190507,
18016,20190914,
18017,20190731,
18018,20160721,
18019,20190509,
18020,20171206,
18021,20190504,
18022,20190605,
18023,20190428,
18024,20160909,
18025,20160621,
18026,20190617,
18027,20190614,
18028,20160721,
18029,20190710,
18030,20191126,
18031,20181030,
18032,20181215,
18033,20190723,
18034,20190910,
18035,20160628,
18036,20180731,
18037,20190323,
18038,20191114,
18039,20170703,
18040,20181109,
18041,20190304,
18042,20190311,
18043,20190320,
18044,20171219,
18045,20160927,
18046,20171222,
18047,20181204,
18048,20190604,
18049,20190123,
18050,20200224,
18051,20190917,
18052,20190819,
18053,20180719,
18054,20160409,
18055,20190429,
18056,20160829,
18057,20171030,
18058,20190519,
18059,20170224,
18060,20191217,
18061,20160504,
18062,20151020,
18063,20180809,
18064,20190725,
18065,20190805,
18066,20180814,
18067,20190228,
18068,20160831,
18069,20190621,
18070,20180213,
18071,20170222,
18072,20180313,
18073,20190604,
18074,20170628,
18075,20191130,
18076,20191021,
18077,20180719,
18078,20181107,
18079,20170414,
18080,20190612,
18081,20180322,
18082,20190510,
18083,20200103,
18084,20190412,
18085,20151223,
18086,20190509,
18087,20190610,
18088,20161103,
18089,20190919,
18090,20190329,
18091,20181008,
18092,20180816,
18093,20170601,
18094,20191003,
18095,20160708,
18096,20190718,
18097,20180403,
18098,20190516,
18099,20190724,
18100,20190614,
18101,20170322,
18102,20190721,
18103,20190731,
18104,20160411,
18105,20190117,
18106,20180814,
18107,20170627,
18108,20171212,
18109,20180131,
18110,20190823,
18111,20190724,
18112,20180124,
18113,20160218,
18114,20190701,
18115,20190617,
18116,20190716,
18117,20190614,
18118,20190615,
18119,20161104,
18120,20190913,
18121,20190715,
18122,20170330,
18123,20181225,
18124,20160317,
18125,20180702,
18126,20181218,
18127,20170615,
18128,20171109,
18129,20190516,
18130,20190807,
18131,20170523,
18132,20181206,
18133,20190614,
18134,20190312,
18135,20190516,
18136,20190906,
18137,20180726,
18138,20190603,
18139,20190502,
18140,20161129,
18141,20181031,
18142,20170419,
18143,20190612,
18144,20181221,
18145,20190712,
18146,20181106,
18147,20190604,
18148,20190506,
18149,20181105,
18150,20170712,
18151,20151208,
18152,20160615,
18153,20160831,
18154,20180205,
18155,20190724,
18156,20191021,
18157,20190802,
18158,20191007,
18159,20170227,
18160,20160517,
18161,20190507,
18162,20190809,
18163,20190729,
18164,20190821,
18165,20180201,
18166,20151223,
18167,20190329,
18168,20180813,
18169,20170401,
18170,20190514,
18171,20190125,
18172,20190510,
18173,20190829,
18174,20190223,
18175,20190718,
18176,20161019,
18177,20190524,
18178,20180420,
18179,20190704,
18180,20160204,
18181,20170623,
18182,20190712,
18183,20190726,
18184,20191009,
18185,20180205,
18186,20170518,
18187,20170918,
18188,20190616,
18189,20160624,
18190,20181102,
18191,20190514,
18192,20170725,
18193,20180104,
18194,20190604,
18195,20190221,
18196,20191204,
18197,20160122,
18198,20181212,
18199,20170210,
18200,20181119,
18201,20180904,
18202,20190129,
18203,20170327,
18204,20190327,
18205,20190504,
18206,20180111,
18207,20190724,
18208,20190218,
18209,20190630,
18210,20191125,
18211,20160615,
18212,20160205,
18213,20170314,
18214,20190601,
18215,20171025,
18216,20191011,
18217,20190425,
18218,20190725,
18219,20190616,
18220,20190816,
18221,20161220,
18222,20190702,
18223,20180119,
18224,20180914,
18225,20181015,
18226,20180529,
18227,20170510,
18228,20160409,
18229,20191231,
18230,20190428,
18231,20191126,
18232,20170905,
18233,20190701,
18234,20190319,
18235,20160418,
18236,20190524,
18237,20191218,
18238,20160830,
18239,20151217,
18240,20170405,
18241,20170710,
18242,20160826,
18243,20190802,
18244,20160214,
18245,20160126,
18246,20170627,
18247,20180131,
18248,20190227,
18249,20181220,
18250,20190429,
18251,20160715,
18252,20190116,
18253,20190803,
18254,20160421,
18255,20161222,
18256,20160331,
18257,20190510,
18258,20170918,
18259,20171030,
18260,20190110,
18261,20160202,
18262,20160809,
18263,20160613,
18264,20200227,
18265,20191008,
18266,20190312,
18267,20180118,
18268,20170821,
18269,20180323,
18270,20190221,
18271,20161220,
18272,20190624,
18273,20190514,
18274,20190614,
18275,20151130,
18276,20191014,
18277,20190804,
18278,20170110,
18279,20190914,
18280,20170321,
18281,20191227,
18282,20190314,
18283,20181219,
18284,20170322,
18285,20160824,
18286,20191113,
18287,20190531,
18288,20151229,
18289,20190505,
18290,20190409,
18291,20190614,
18292,20190829,
18293,20190711,
18294,20190818,
18295,20190711,
18296,20190621,
18297,20180429,
18298,20190826,
18299,20171122,
18300,20190523,
18301,20160513,
18302,20160608,
18303,20170126,
18304,20190614,
18305,20161214,
18306,20190717,
18307,20190725,
18308,20170216,
18309,20171128,
18310,20160918,
18311,20170401,
18312,20190505,
18313,20190305,
18314,20180702,
18315,20190420,
18316,20160125,
18317,20181221,
18318,20181202,
18319,20160715,
18320,20190723,
18321,20190920,
18322,20170817,
18323,20151229,
18324,20190529,
18325,20190426,
18326,20190812,
18327,20160930,
18328,20170503,
18329,20161028,
18330,20191016,
18331,20181225,
18332,20180123,
18333,20190501,
18334,20180720,
18335,20161130,
18336,20190805,
18337,20190722,
18338,20180918,
18339,20151230,
18340,20190720,
18341,20190825,
18342,20180118,
18343,20170620,
18344,20190619,
18345,20190502,
18346,20161031,
18347,20160204,
18348,20170731,
18349,20190822,
18350,20190728,
18351,20151215,
18352,20190726,
18353,20190820,
18354,20181114,
18355,20170915,
18356,20151228,
18357,20190507,
18358,20190811,
18359,20180605,
18360,20171219,
18361,20190630,
18362,20190906,
18363,20171011,
18364,20191101,
18365,20190509,
18366,20170907,
18367,20190314,
18368,20190902,
18369,20190906,
18370,20180515,
18371,20190315,
18372,20190507,
18373,20161123,
18374,20151217,
18375,20160823,
18376,20200116,
18377,20190401,
18378,20191203,
18379,20170822,
18380,20190813,
18381,20160927,
18382,20190603,
18383,20161222,
18384,20190730,
18385,20180420,
18386,20190711,
18387,20191212,
18388,20190829,
18389,20160906,
18390,20170518,
18391,20190517,
18392,20180817,
18393,20190320,
18394,20160902,
18395,20191031,
18396,20181010,
18397,20190621,
18398,20180626,
18399,20170825,
18400,20190517,
18401,20160121,
18402,20190816,
18403,20170119,
18404,20170808,
18405,20180920,
18406,20190920,
18407,20190719,
18408,20170720,
18409,20161102,
18410,20190802,
18411,20190710,
18412,20170710,
18413,20181026,
18414,20170109,
18415,20190803,
18416,20180930,
18417,20151215,
18418,20161205,
18419,20190319,
18420,20190610,
18421,20160831,
18422,20190726,
18423,20180205,
18424,20190704,
18425,20160127,
18426,20190917,
18427,20190314,
18428,20170915,
18429,20190515,
18430,20190919,
18431,20160419,
18432,20181001,
18433,20180917,
18434,20170901,
18435,20190305,
18436,20181130,
18437,20171113,
18438,20190426,
18439,20190428,
18440,20170712,
18441,20170726,
18442,20190807,
18443,20170823,
18444,20180528,
18445,20171115,
18446,20190614,
18447,20190716,
18448,20180121,
18449,20200109,
18450,20190708,
18451,20181010,
18452,20190502,
18453,20181106,
18454,20190122,
18455,20190505,
18456,20170609,
18457,20171208,
18458,20190510,
18459,20190329,
18460,20190603,
18461,20190603,
18462,20190125,
18463,20190311,
18464,20191129,
18465,20191206,
18466,20191129,
18467,20170608,
18468,20151216,
18469,20190614,
18470,20190828,
18471,20170817,
18472,20170830,
18473,20181101,
18474,20190314,
18475,20181201,
18476,20190421,
18477,20170606,
18478,20160817,
18479,20190516,
18480,20190313,
18481,20191106,
18482,20190825,
18483,20190505,
18484,20170929,
18485,20181218,
18486,20190730,
18487,20190429,
18488,20191204,
18489,20190608,
18490,20190904,
18491,20171130,
18492,20160224,
18493,20170327,
18494,20160114,
18495,20190620,
18496,20180307,
18497,20191226,
18498,20190822,
18499,20170710,
18500,20191122,
18501,20190423,
18502,20190827,
18503,20190426,
18504,20190624,
18505,20190506,
18506,20160509,
18507,20190723,
18508,20190604,
18509,20190130,
18510,20190813,
18511,20170524,
18512,20171117,
18513,20190615,
18514,20170830,
18515,20180214,
18516,20190516,
18517,20171102,
18518,20171013,
18519,20200217,
18520,20190731,
18521,20181025,
18522,20190522,
18523,20151201,
18524,20171114,
18525,20180615,
18526,20170724,
18527,20190321,
18528,20181106,
18529,20151228,
18530,20190708,
18531,20160518,
18532,20190613,
18533,20180313,
18534,20190510,
18535,20191003,
18536,20190102,
18537,20160405,
18538,20170228,
18539,20190227,
18540,20190724,
18541,20181107,
18542,20190611,
18543,20190131,
18544,20181228,
18545,20190715,
18546,20190718,
18547,20160420,
18548,20190813,
18549,20190722,
18550,20180105,
18551,20190429,
18552,20181011,
18553,20170509,
18554,20190226,
18555,20170717,
18556,20170623,
18557,20170323,
18558,20180917,
18559,20190805,
18560,20170616,
18561,20180518,
18562,20190125,
18563,20180115,
18564,20191016,
18565,20161026,
18566,20181218,
18567,20190615,
18568,20190503,
18569,20200109,
18570,20190719,
18571,20190603,
18572,20180508,
18573,20190907,
18574,20180426,
18575,20190202,
18576,20190627,
18577,20170321,
18578,20190712,
18579,20190901,
18580,20180829,
18581,20170807,
18582,20191104,
18583,20190815,
18584,20180823,
18585,20190511,
18586,20180913,
18587,20161226,
18588,20180906,
18589,20190516,
18590,20200102,
18591,20161222,
18592,20161025,
18593,20190919,
18594,20190516,
18595,20191021,
18596,20191012,
18597,20190317,
18598,20191120,
18599,20170731,
18600,20171127,
18601,20190514,
18602,20190118,
18603,20190516,
18604,20171121,
18605,20190722,
18606,20190329,
18607,20190615,
18608,20170308,
18609,20190725,
18610,20190614,
18611,20160912,
18612,20180320,
18613,20190425,
18614,20190328,
18615,20171020,
18616,20180705,
18617,20190908,
18618,20170925,
18619,20170919,
18620,20190819,
18621,20191112,
18622,20190426,
18623,20191009,
18624,20151217,
18625,20190928,
18626,20151201,
18627,20180928,
18628,20171025,
18629,20190923,
18630,20190523,
18631,20190311,
18632,20191111,
18633,20160225,
18634,20190510,
18635,20180202,
18636,20190802,
18637,20190604,
18638,20181010,
18639,20160603,
18640,20160908,
18641,20190812,
18642,20170707,
18643,20190505,
18644,20160524,
18645,20180228,
18646,20190724,
18647,20190225,
18648,20170330,
18649,20191016,
18650,20181026,
18651,20170809,
18652,20190426,
18653,20190816,
18654,20171205,
18655,20170914,
18656,20190528,
18657,20190725,
18658,20190513,
18659,20170817,
18660,20190816,
18661,20160725,
18662,20190822,
18663,20190902,
18664,20181024,
18665,20180807,
18666,20171213,
18667,20190702,
18668,20151203,
18669,20190826,
18670,20190604,
18671,20190712,
18672,20190908,
18673,20180710,
18674,20170629,
18675,20190916,
18676,20160920,
18677,20190711,
18678,20190618,
18679,20190711,
18680,20170607,
18681,20190606,
18682,20181029,
18683,20160624,
18684,20191115,
18685,20191012,
18686,20161028,
18687,20200110,
18688,20181206,
18689,20190227,
18690,20170428,
18691,20190722,
18692,20180613,
18693,20161221,
18694,20180109,
18695,20190419,
18696,20170123,
18697,20180730,
18698,20160625,
18699,20180104,
18700,20190701,
18701,20190726,
18702,20161214,
18703,20190706,
18704,20190428,
18705,20170621,
18706,20170425,
18707,20171101,
18708,20190128,
18709,20180131,
18710,20160512,
18711,20190510,
18712,20190929,
18713,20191025,
18714,20200117,
18715,20180621,
18716,20160601,
18717,20191212,
18718,20170426,
18719,20170222,
18720,20151228,
18721,20190701,
18722,20161017,
18723,20190615,
18724,20190322,
18725,20170621,
18726,20180224,
18727,20190828,
18728,20190517,
18729,20190812,
18730,20190426,
18731,20180105,
18732,20190506,
18733,20170725,
18734,20180410,
18735,20160926,
18736,20170317,
18737,20180516,
18738,20180913,
18739,20170515,
18740,20170203,
18741,20170908,
18742,20161123,
18743,20190508,
18744,20180612,
18745,20160718,
18746,20180530,
18747,20190521,
18748,20170809,
18749,20161017,
18750,20181109,
18751,20161222,
18752,20190614,
18753,20151208,
18754,20170616,
18755,20191231,
18756,20181213,
18757,20190505,
18758,20190306,
18759,20190618,
18760,20190412,
18761,20190108,
18762,20181225,
18763,20180111,
18764,20190503,
18765,20190515,
18766,20170914,
18767,20160618,
18768,20181228,
18769,20190507,
18770,20190806,
18771,20160804,
18772,20190723,
18773,20190429,
18774,20170725,
18775,20190121,
18776,20170325,
18777,20190826,
18778,20180719,
18779,20190605,
18780,20170217,
18781,20170823,
18782,20170620,
18783,20181214,
18784,20190430,
18785,20190823,
18786,20181126,
18787,20160701,
18788,20180730,
18789,20190505,
18790,20180525,
18791,20170223,
18792,20171124,
18793,20190515,
18794,20190910,
18795,20190723,
18796,20191024,
18797,20151214,
18798,20190705,
18799,20200120,
18800,20190608,
18801,20170120,
18802,20170227,
18803,20160229,
18804,20190417,
18805,20190318,
18806,20190530,
18807,20191118,
18808,20161213,
18809,20190809,
18810,20180510,
18811,20170814,
18812,20151217,
18813,20170929,
18814,20160223,
18815,20170921,
18816,20190615,
18817,20190516,
18818,20190111,
18819,20190622,
18820,20190110,
18821,20190601,
18822,20190620,
18823,20190505,
18824,20190723,
18825,20160505,
18826,20190601,
18827,20190806,
18828,20190515,
18829,20181010,
18830,20200120,
18831,20181106,
18832,20190502,
18833,20190510,
18834,20190504,
18835,20190801,
18836,20161114,
18837,20200227,
18838,20190710,
18839,20180126,
18840,20161109,
18841,20190128,
18842,20190830,
18843,20170223,
18844,20170607,
18845,20190812,
18846,20190726,
18847,20190814,
18848,20190808,
18849,20190926,
18850,20180807,
18851,20190416,
18852,20191120,
18853,20180713,
18854,20171213,
18855,20180925,
18856,20181214,
18857,20161018,
18858,20190510,
18859,20160816,
18860,20170608,
18861,20190717,
18862,20160420,
18863,20190428,
18864,20181211,
18865,20160506,
18866,20190503,
18867,20200113,
18868,20180702,
18869,20190813,
18870,20170221,
18871,20190612,
18872,20190812,
18873,20170704,
18874,20190312,
18875,20170830,
18876,20190825,
18877,20180727,
18878,20190404,
18879,20171125,
18880,20170710,
18881,20170407,
18882,20190429,
18883,20190124,
18884,20180302,
18885,20190810,
18886,20190924,
18887,20190715,
18888,20181206,
18889,20170405,
18890,20190717,
18891,20190502,
18892,20190403,
18893,20160921,
18894,20190414,
18895,20151230,
18896,20190919,
18897,20160122,
18898,20160519,
18899,20181130,
18900,20170714,
18901,20190803,
18902,20190614,
18903,20190528,
18904,20170418,
18905,20190828,
18906,20190615,
18907,20190115,
18908,20190502,
18909,20190516,
18910,20190827,
18911,20160831,
18912,20170329,
18913,20160504,
18914,20190130,
18915,20160511,
18916,20160401,
18917,20190409,
18918,20190417,
18919,20180615,
18920,20190426,
18921,20200109,
18922,20190611,
18923,20180921,
18924,20191227,
18925,20180314,
18926,20190521,
18927,20180419,
18928,20190805,
18929,20200224,
18930,20190505,
18931,20190624,
18932,20191016,
18933,20191017,
18934,20190629,
18935,20160826,
18936,20190103,
18937,20190426,
18938,20190612,
18939,20180109,
18940,20171113,
18941,20170821,
18942,20190128,
18943,20190320,
18944,20160817,
18945,20190626,
18946,20171031,
18947,20170913,
18948,20181010,
18949,20191012,
18950,20180907,
18951,20171228,
18952,20190509,
18953,20190712,
18954,20190721,
18955,20171225,
18956,20180927,
18957,20190616,
18958,20171213,
18959,20190729,
18960,20160104,
18961,20190419,
18962,20170824,
18963,20180105,
18964,20190617,
18965,20190103,
18966,20161228,
18967,20160512,
18968,20170407,
18969,20170928,
18970,20181122,
18971,20190828,
18972,20190426,
18973,20160705,
18974,20190618,
18975,20190725,
18976,20160625,
18977,20160722,
18978,20160719,
18979,20190826,
18980,20161026,
18981,20181026,
18982,20160922,
18983,20190829,
18984,20181108,
18985,20160114,
18986,20170223,
18987,20170707,
18988,20190729,
18989,20180108,
18990,20191024,
18991,20180724,
18992,20190428,
18993,20190618,
18994,20190430,
18995,20180830,
18996,20190216,
18997,20190428,
18998,20190901,
18999,20190102,
19000,20190515,
19001,20160421,
19002,20181116,
19003,20180426,
19004,20190429,
19005,20190905,
19006,20160922,
19007,20190813,
19008,20190412,
19009,20160125,
19010,20190505,
19011,20190604,
19012,20180907,
19013,20171106,
19014,20160420,
19015,20191021,
19016,20171101,
19017,20171018,
19018,20190718,
19019,20180711,
19020,20151211,
19021,20190510,
19022,20171120,
19023,20151130,
19024,20171024,
19025,20190628,
19026,20190823,
19027,20200114,
19028,20160617,
19029,20151208,
19030,20190611,
19031,20190520,
19032,20170228,
19033,20190617,
19034,20190509,
19035,20171027,
19036,20191030,
19037,20190802,
19038,20190712,
19039,20190505,
19040,20190627,
19041,20190925,
19042,20190504,
19043,20170509,
19044,20170814,
19045,20190910,
19046,20190515,
19047,20190503,
19048,20171031,
19049,20181024,
19050,20190516,
19051,20170510,
19052,20190822,
19053,20190311,
19054,20180115,
19055,20180723,
19056,20190426,
19057,20190506,
19058,20170912,
19059,20180820,
19060,20190505,
19061,20190720,
19062,20170626,
19063,20180920,
19064,20171031,
19065,20180423,
19066,20190924,
19067,20190526,
19068,20180725,
19069,20170718,
19070,20181030,
19071,20190717,
19072,20190514,
19073,20190801,
19074,20160622,
19075,20160811,
19076,20190422,
19077,20170328,
19078,20181214,
19079,20170311,
19080,20191031,
19081,20161222,
19082,20190517,
19083,20190826,
19084,20190617,
19085,20190502,
19086,20170606,
19087,20170517,
19088,20190516,
19089,20190906,
19090,20190618,
19091,20190328,
19092,20180726,
19093,20190605,
19094,20190719,
19095,20190918,
19096,20151214,
19097,20171201,
19098,20190507,
19099,20180919,
19100,20170714,
19101,20190718,
19102,20190905,
19103,20171124,
19104,20190720,
19105,20190626,
19106,20190701,
19107,20170327,
19108,20190618,
19109,20180731,
19110,20181221,
19111,20180930,
19112,20160125,
19113,20190226,
19114,20161028,
19115,20181218,
19116,20190509,
19117,20191001,
19118,20190628,
19119,20170505,
19120,20190603,
19121,20160414,
19122,20190723,
19123,20160126,
19124,20171225,
19125,20190602,
19126,20190505,
19127,20160906,
19128,20190311,
19129,20190703,
19130,20190703,
19131,20190329,
19132,20190617,
19133,20180316,
19134,20180113,
19135,20190315,
19136,20190506,
19137,20151216,
19138,20180929,
19139,20190819,
19140,20190615,
19141,20190611,
19142,20190419,
19143,20190616,
19144,20190521,
19145,20170320,
19146,20181015,
19147,20190523,
19148,20190624,
19149,20190621,
19150,20190329,
19151,20190429,
19152,20160720,
19153,20170228,
19154,20190329,
19155,20180319,
19156,20161101,
19157,20181109,
19158,20190803,
19159,20190520,
19160,20190717,
19161,20190416,
19162,20180316,
19163,20170321,
19164,20160728,
19165,20191031,
19166,20190218,
19167,20190718,
19168,20191122,
19169,20160624,
19170,20170921,
19171,20170906,
19172,20171201,
19173,20191115,
19174,20190819,
19175,20151218,
19176,20181108,
19177,20190516,
19178,20170815,
19179,20171030,
19180,20190430,
19181,20180419,
19182,20181112,
19183,20180625,
19184,20190824,
19185,20190605,
19186,20190728,
19187,20190605,
19188,20190614,
19189,20180809,
19190,20181216,
19191,20190716,
19192,20151217,
19193,20171031,
19194,20190808,
19195,20151207,
19196,20191206,
19197,20190730,
19198,20190913,
19199,20190610,
19200,20190429,
19201,20190616,
19202,20151216,
19203,20180528,
19204,20190403,
19205,20180927,
19206,20191120,
19207,20190618,
19208,20190614,
19209,20190616,
19210,20190703,
19211,20190728,
19212,20171115,
19213,20190716,
19214,20171018,
19215,20190429,
19216,20190925,
19217,20190604,
19218,20190628,
19219,20151228,
19220,20190716,
19221,20161012,
19222,20190718,
19223,20190614,
19224,20181017,
19225,20190817,
19226,20180627,
19227,20161121,
19228,20170227,
19229,20190725,
19230,20190515,
19231,20170623,
19232,20190115,
19233,20170929,
19234,20190730,
19235,20171129,
19236,20190816,
19237,20190104,
19238,20190509,
19239,20191128,
19240,20190614,
19241,20190709,
19242,20190830,
19243,20180727,
19244,20190621,
19245,20160918,
19246,20190618,
19247,20190509,
19248,20170411,
19249,20190723,
19250,20160331,
19251,20180419,
19252,20190428,
19253,20190803,
19254,20180214,
19255,20160804,
19256,20190920,
19257,20190904,
19258,20180912,
19259,20190717,
19260,20151224,
19261,20170801,
19262,20170920,
19263,20190612,
19264,20190822,
19265,20170509,
19266,20180927,
19267,20190816,
19268,20170804,
19269,20190509,
19270,20170324,
19271,20160920,
19272,20190515,
19273,20190311,
19274,20170608,
19275,20190620,
19276,20160407,
19277,20160818,
19278,20190813,
19279,20190705,
19280,20180825,
19281,20191228,
19282,20181029,
19283,20190428,
19284,20160616,
19285,20190515,
19286,20180601,
19287,20190415,
19288,20191224,
19289,20171122,
19290,20171214,
19291,20161031,
19292,20200116,
19293,20161102,
19294,20190422,
19295,20190619,
19296,20190823,
19297,20180927,
19298,20160921,
19299,20190415,
19300,20190925,
19301,20191227,
19302,20190615,
19303,20161214,
19304,20190528,
19305,20171220,
19306,20190516,
19307,20160927,
19308,20170731,
19309,20191212,
19310,20190102,
19311,20190716,
19312,20190517,
19313,20190613,
19314,20161219,
19315,20190622,
19316,20190424,
19317,20151127,
19318,20161123,
19319,20190618,
19320,20190423,
19321,20160505,
19322,20190725,
19323,20190413,
19324,20191106,
19325,20190510,
19326,20190430,
19327,20161215,
19328,20161222,
19329,20180222,
19330,20190426,
19331,20170327,
19332,20200123,
19333,20190614,
19334,20191019,
19335,20170228,
19336,20170221,
19337,20181025,
19338,20190823,
19339,20190723,
19340,20190409,
19341,20190804,
19342,20171213,
19343,20190505,
19344,20190507,
19345,20171011,
19346,20181210,
19347,20170321,
19348,20170619,
19349,20190625,
19350,20190929,
19351,20181221,
19352,20171120,
19353,20181119,
19354,20190623,
19355,20160322,
19356,20160901,
19357,20180525,
19358,20190903,
19359,20181127,
19360,20190515,
19361,20181218,
19362,20190614,
19363,20190429,
19364,20190616,
19365,20190614,
19366,20190122,
19367,20190627,
19368,20180222,
19369,20190725,
19370,20171010,
19371,20181022,
19372,20190523,
19373,20170401,
19374,20181211,
19375,20190520,
19376,20180623,
19377,20191011,
19378,20181123,
19379,20190214,
19380,20180613,
19381,20151225,
19382,20170612,
19383,20170419,
19384,20190215,
19385,20190428,
19386,20160413,
19387,20180416,
19388,20170814,
19389,20170401,
19390,20190723,
19391,20171030,
19392,20190516,
19393,20190805,
19394,20190807,
19395,20190315,
19396,20190422,
19397,20161027,
19398,20181107,
19399,20190603,
19400,20161010,
19401,20181206,
19402,20160511,
19403,20180925,
19404,20190604,
19405,20190419,
19406,20181109,
19407,20170707,
19408,20190419,
19409,20160831,
19410,20180731,
19411,20171128,
19412,20190605,
19413,20190510,
19414,20171010,
19415,20190620,
19416,20190510,
19417,20190311,
19418,20190607,
19419,20190724,
19420,20190313,
19421,20190329,
19422,20170308,
19423,20190627,
19424,20190428,
19425,20180125,
19426,20190819,
19427,20170823,
19428,20190722,
19429,20190515,
19430,20190429,
19431,20190926,
19432,20170106,
19433,20180309,
19434,20190509,
19435,20171124,
19436,20190527,
19437,20190815,
19438,20190715,
19439,20190919,
19440,20190604,
19441,20160929,
19442,20160907,
19443,20190422,
19444,20190329,
19445,20190519,
19446,20191024,
19447,20171027,
19448,20190924,
19449,20190515,
19450,20181217,
19451,20160122,
19452,20160216,
19453,20161202,
19454,20151225,
19455,20190730,
19456,20180927,
19457,20190618,
19458,20170609,
19459,20190524,
19460,20190615,
19461,20190817,
19462,20190516,
19463,20190505,
19464,20180723,
19465,20191017,
19466,20191016,
19467,20190829,
19468,20190710,
19469,20190828,
19470,20161101,
19471,20190515,
19472,20170412,
19473,20181023,
19474,20190609,
19475,20190425,
19476,20160705,
19477,20190625,
19478,20170303,
19479,20190816,
19480,20171102,
19481,20191018,
19482,20180123,
19483,20190505,
19484,20170809,
19485,20161013,
19486,20190520,
19487,20170616,
19488,20190620,
19489,20190311,
19490,20170324,
19491,20190823,
19492,20191125,
19493,20181110,
19494,20170718,
19495,20190328,
19496,20170523,
19497,20181224,
19498,20161128,
19499,20190906,
19500,20160728,
19501,20190611,
19502,20190115,
19503,20170424,
19504,20191120,
19505,20191202,
19506,20190709,
19507,20190105,
19508,20190807,
19509,20170704,
19510,20180314,
19511,20170914,
19512,20161018,
19513,20170623,
19514,20180928,
19515,20190920,
19516,20191209,
19517,20160728,
19518,20180131,
19519,20160727,
19520,20180422,
19521,20190720,
19522,20190821,
19523,20170620,
19524,20160823,
19525,20190704,
19526,20190531,
19527,20190715,
19528,20180206,
19529,20171219,
19530,20151210,
19531,20190112,
19532,20170817,
19533,20190812,
19534,20190516,
19535,20181022,
19536,20190616,
19537,20170322,
19538,20200103,
19539,20171122,
19540,20180719,
19541,20190711,
19542,20190621,
19543,20190724,
19544,20170605,
19545,20160422,
19546,20190804,
19547,20190614,
19548,20190807,
19549,20190506,
19550,20190722,
19551,20161019,
19552,20181225,
19553,20171124,
19554,20170829,
19555,20190412,
19556,20190626,
19557,20190430,
19558,20190903,
19559,20190507,
19560,20160523,
19561,20190509,
19562,20191212,
19563,20190510,
19564,20190504,
19565,20151211,
19566,20170106,
19567,20190611,
19568,20180428,
19569,20171010,
19570,20190428,
19571,20151221,
19572,20190614,
19573,20160527,
19574,20190820,
19575,20161222,
19576,20190715,
19577,20160506,
19578,20190603,
19579,20191020,
19580,20191028,
19581,20160912,
19582,20190809,
19583,20160624,
19584,20160607,
19585,20190924,
19586,20190626,
19587,20190601,
19588,20160115,
19589,20191013,
19590,20151221,
19591,20170821,
19592,20191022,
19593,20190619,
19594,20191223,
19595,20170630,
19596,20190725,
19597,20190614,
19598,20180826,
19599,20190430,
19600,20170804,
19601,20171128,
19602,20190815,
19603,20190617,
19604,20190409,
19605,20190903,
19606,20190616,
19607,20190723,
19608,20180921,
19609,20191204,
19610,20190617,
19611,20190513,
19612,20160719,
19613,20190504,
19614,20161201,
19615,20160509,
19616,20190305,
19617,20181016,
19618,20160706,
19619,20190914,
19620,20191218,
19621,20190430,
19622,20170829,
19623,20190530,
19624,20191018,
19625,20170301,
19626,20190430,
19627,20190528,
19628,20190520,
19629,20181205,
19630,20190923,
19631,20190807,
19632,20160224,
19633,20170519,
19634,20181204,
19635,20190625,
19636,20190311,
19637,20180814,
19638,20190415,
19639,20190608,
19640,20190705,
19641,20170309,
19642,20170927,
19643,20160218,
19644,20180402,
19645,20160808,
19646,20191212,
19647,20160920,
19648,20190704,
19649,20160819,
19650,20190520,
19651,20160530,
19652,20190130,
19653,20190421,
19654,20180321,
19655,20161219,
19656,20190403,
19657,20190114,
19658,20190525,
19659,20161021,
19660,20190627,
19661,20170919,
19662,20190228,
19663,20170908,
19664,20190515,
19665,20190924,
19666,20170705,
19667,20190627,
19668,20190718,
19669,20191005,
19670,20170510,
19671,20190617,
19672,20190628,
19673,20190710,
19674,20190506,
19675,20180923,
19676,20170929,
19677,20180104,
19678,20160627,
19679,20170623,
19680,20170511,
19681,20190401,
19682,20190505,
19683,20190507,
19684,20161229,
19685,20190109,
19686,20190509,
19687,20170915,
19688,20190504,
19689,20170328,
19690,20181029,
19691,20181124,
19692,20190926,
19693,20151229,
19694,20190529,
19695,20190702,
19696,20190710,
19697,20180207,
19698,20161121,
19699,20171023,
19700,20190711,
19701,20190823,
19702,20170817,
19703,20181109,
19704,20180524,
19705,20170220,
19706,20190720,
19707,20190603,
19708,20160714,
19709,20190505,
19710,20161215,
19711,20160803,
19712,20170110,
19713,20190507,
19714,20190611,
19715,20181224,
19716,20190719,
19717,20160728,
19718,20190824,
19719,20160226,
19720,20190329,
19721,20160811,
19722,20190320,
19723,20190419,
19724,20190811,
19725,20190612,
19726,20190930,
19727,20180110,
19728,20160510,
19729,20171013,
19730,20160513,
19731,20190522,
19732,20180605,
19733,20190913,
19734,20190301,
19735,20170419,
19736,20191203,
19737,20180828,
19738,20180808,
19739,20170510,
19740,20180829,
19741,20170606,
19742,20180306,
19743,20190813,
19744,20190904,
19745,20170616,
19746,20190721,
19747,20161013,
19748,20181124,
19749,20170613,
19750,20181030,
19751,20190704,
19752,20190804,
19753,20180620,
19754,20190726,
19755,20180323,
19756,20160513,
19757,20170123,
19758,20190419,
19759,20180608,
19760,20181112,
19761,20160701,
19762,20190304,
19763,20171106,
19764,20180413,
19765,20190523,
19766,20190315,
19767,20190428,
19768,20190429,
19769,20190329,
19770,20190822,
19771,20180425,
19772,20180522,
19773,20190503,
19774,20180328,
19775,20151229,
19776,20160418,
19777,20160918,
19778,20191127,
19779,20160421,
19780,20181212,
19781,20170313,
19782,20180605,
19783,20181010,
19784,20190219,
19785,20170915,
19786,20191017,
19787,20190418,
19788,20160811,
19789,20180528,
19790,20190926,
19791,20181207,
19792,20160608,
19793,20160811,
19794,20190819,
19795,20180613,
19796,20180929,
19797,20190510,
19798,20180511,
19799,20160811,
19800,20171114,
19801,20190822,
19802,20161108,
19803,20190731,
19804,20190615,
19805,20180503,
19806,20151207,
19807,20160628,
19808,20170321,
19809,20170704,
19810,20171017,
19811,20160826,
19812,20190502,
19813,20170612,
19814,20161215,
19815,20180725,
19816,20161027,
19817,20170109,
19818,20190614,
19819,20190403,
19820,20190730,
19821,20190502,
19822,20170720,
19823,20160520,
19824,20190429,
19825,20190823,
19826,20180914,
19827,20170310,
19828,20160922,
19829,20170918,
19830,20190712,
19831,20190111,
19832,20160126,
19833,20190823,
19834,20191012,
19835,20170406,
19836,20151215,
19837,20180720,
19838,20151210,
19839,20190904,
19840,20160908,
19841,20190529,
19842,20160408,
19843,20171117,
19844,20161230,
19845,20151214,
19846,20190703,
19847,20170929,
19848,20170607,
19849,20191031,
19850,20160815,
19851,20190510,
19852,20190610,
19853,20190628,
19854,20160912,
19855,20190821,
19856,20191108,
19857,20190421,
19858,20170621,
19859,20170704,
19860,20170327,
19861,20170829,
19862,20191014,
19863,20160104,
19864,20191217,
19865,20190107,
19866,20191219,
19867,20190428,
19868,20190429,
19869,20191213,
19870,20170714,
19871,20190906,
19872,20190609,
19873,20180531,
19874,20190703,
19875,20180926,
19876,20190802,
19877,20190715,
19878,20190412,
19879,20190607,
19880,20190227,
19881,20180928,
19882,20160420,
19883,20190402,
19884,20190521,
19885,20160627,
19886,20160902,
19887,20170809,
19888,20190703,
19889,20190515,
19890,20190507,
19891,20160810,
19892,20190912,
19893,20181017,
19894,20190624,
19895,20190103,
19896,20170707,
19897,20181029,
19898,20190507,
19899,20190728,
19900,20190429,
19901,20180112,
19902,20190507,
19903,20160418,
19904,20200113,
19905,20160420,
19906,20190525,
19907,20161028,
19908,20190319,
19909,20170817,
19910,20170227,
19911,20170613,
19912,20190720,
19913,20190622,
19914,20190803,
19915,20190724,
19916,20190610,
19917,20160719,
19918,20191024,
19919,20180525,
19920,20180625,
19921,20190818,
19922,20181109,
19923,20171128,
19924,20180131,
19925,20190110,
19926,20190724,
19927,20170814,
19928,20180727,
19929,20180508,
19930,20190505,
19931,20181011,
19932,20180713,
19933,20191125,
19934,20171127,
19935,20190505,
19936,20190621,
19937,20191115,
19938,20190530,
19939,20170724,
19940,20191112,
19941,20180713,
19942,20190829,
19943,20161230,
19944,20181024,
19945,20181018,
19946,20171020,
19947,20171220,
19948,20190627,
19949,20170525,
19950,20190917,
19951,20181031,
19952,20161017,
19953,20160603,
19954,20170306,
19955,20190329,
19956,20190709,
19957,20190613,
19958,20190515,
19959,20160930,
19960,20161102,
19961,20190212,
19962,20181121,
19963,20170606,
19964,20171108,
19965,20190313,
19966,20190328,
19967,20190312,
19968,20180606,
19969,20190304,
19970,20190829,
19971,20191016,
19972,20160721,
19973,20170626,
19974,20180425,
19975,20161202,
19976,20190713,
19977,20170822,
19978,20190726,
19979,20170515,
19980,20171117,
19981,20190510,
19982,20190728,
19983,20190822,
19984,20160215,
19985,20170814,
19986,20190611,
19987,20190726,
19988,20180912,
19989,20190630,
19990,20190518,
19991,20190630,
19992,20190728,
19993,20180824,
19994,20190516,
19995,20190712,
19996,20190425,
19997,20190627,
19998,20181207,
19999,20190616,
